{
  "roc_auc": 0.9956568997887268,
  "avg_precision": 0.9935972545963004,
  "accuracy": 0.9772234273318872,
  "confusion_matrix": [
    [
      440,
      21
    ],
    [
      0,
      461
    ]
  ],
  "classification_report": {
    "Different Vehicle": {
      "precision": 1.0,
      "recall": 0.9544468546637744,
      "f1-score": 0.97669256381798,
      "support": 461.0
    },
    "Same Vehicle": {
      "precision": 0.9564315352697096,
      "recall": 1.0,
      "f1-score": 0.9777306468716861,
      "support": 461.0
    },
    "accuracy": 0.9772234273318872,
    "macro avg": {
      "precision": 0.9782157676348548,
      "recall": 0.9772234273318872,
      "f1-score": 0.977211605344833,
      "support": 922.0
    },
    "weighted avg": {
      "precision": 0.9782157676348547,
      "recall": 0.9772234273318872,
      "f1-score": 0.9772116053448331,
      "support": 922.0
    }
  }
}