{
  "mode": "isotonic",
  "x_knots": [
    0.07119719456014324,
    0.10794835933531179,
    0.1808697372348564,
    0.18198018934438293,
    0.2717907524153587,
    0.29417202439611234,
    0.39009517638948654,
    0.39172348870643314,
    0.4163115656665608,
    0.5064999989780812,
    0.5679312128388342,
    1.5935680059380621,
    1.6832364376231335,
    6.236626750879669,
    6.283013803147007,
    10.57908778155855,
    10.764665232352199,
    63.043935392623936,
    64.01843358577578,
    117.32069980485761,
    117.89387980590371,
    495.62526881694794,
    495.66614372730254,
    496.0828616380692,
    496.10892548561094,
    496.1207855701447,
    496.1609960079193,
    496.30708649158476,
    496.3096023082733,
    496.3427951335907,
    496.3462144136429,
    496.49565982818604
  ],
  "y_knots": [
    0.18990795674888866,
    0.20461296878007368,
    0.20461296878007368,
    0.43612960006277657,
    0.43612960006277657,
    1.6751305731517283,
    1.6751305731517283,
    2.046438465802845,
    2.6755946819174947,
    2.6755946819174947,
    2.773642798269176,
    2.773642798269176,
    4.172057376790253,
    4.172057376790253,
    4.6180141766696625,
    4.6180141766696625,
    4.922336766708925,
    4.922336766708925,
    5.222123437782769,
    5.222123437782769,
    5.499494202082619,
    5.499494202082619,
    5.726289349402455,
    5.726289349402455,
    5.7926449311759765,
    5.7926449311759765,
    5.923638942337526,
    5.923638942337526,
    6.9716358347211225,
    6.9716358347211225,
    7.214204241864519,
    7.214204241864519
  ],
  "fit_metrics": {
    "mae": 2.11431049882038,
    "spearman": 0.4049160195522659
  },
  "domain": [
    0.05836010822142018,
    496.49565982818604
  ],
  "fit_params": {
    "scale_factor": 5.0,
    "time_penalty": 0.1,
    "similarity_mapping": "odds",
    "similarity_power": 1.0,
    "similarity_clip_eps": 0.01,
    "scenario": "i",
    "num_pairs": 3421,
    "num_fit_pairs": 505,
    "calibration_target_max": 10.0,
    "target_mapping": "raw_total_to_bhat_total"
  },
  "distribution_overlap": {
    "raw_vs_bhat_mae_total": 146.36476397479285,
    "calibrated_vs_bhat_mae_total": 2.11431049882038
  }
}