{
  "mode": "isotonic",
  "x_knots": [
    0.012903213500976562,
    0.017052292823791504,
    0.017193257808685303,
    0.022110342979431152,
    0.022129416465759277,
    0.02432197332382202,
    0.024361610412597656,
    0.02462714910507202,
    0.024812519550323486,
    0.047222673892974854,
    0.04745185375213623,
    0.05153626203536987,
    0.05159109830856323,
    0.0625145435333252,
    0.06263434886932373,
    0.06843328475952148,
    0.06876081228256226,
    0.09241074323654175,
    0.09268820285797119,
    0.1256886124610901,
    0.12616395950317383,
    0.21846145391464233,
    0.22346407175064087,
    0.2506938576698303,
    0.2515828609466553,
    0.29837310314178467,
    0.29986411333084106,
    0.43696433305740356,
    0.43987542390823364,
    1.3362383842468262,
    1.3430571556091309,
    3.2329061627388,
    3.2360270619392395,
    4.502500221133232,
    4.502549916505814,
    4.566052258014679,
    4.566304460167885,
    4.596318677067757,
    4.596748985350132,
    4.616034626960754,
    4.616057276725769,
    4.628883861005306,
    4.628986641764641,
    4.681186638772488,
    4.681192189455032,
    4.833683893084526,
    4.833692982792854,
    4.901626370847225,
    4.901630990207195,
    4.901689942926168,
    4.9017686396837234,
    4.9098677560687065,
    4.91003692150116,
    4.924855181016028,
    4.92499815300107,
    4.9678208027035,
    4.968269027303904,
    4.9702694127336144,
    4.971699211746454,
    4.973390300292522,
    4.974342726636678,
    4.983071280876175
  ],
  "y_knots": [
    0.07920545819872368,
    0.07920545819872368,
    0.12192991880293931,
    0.12192991880293931,
    0.12810867223678285,
    0.12810867223678285,
    0.13582880118305934,
    0.13582880118305934,
    0.1980692896682241,
    0.1980692896682241,
    0.5076628103177152,
    0.5076628103177152,
    0.7771396438175112,
    0.7771396438175112,
    0.8048134181145079,
    0.8048134181145079,
    1.3360007362420798,
    1.3360007362420798,
    1.5853315165660011,
    1.5853315165660011,
    2.4932592390594697,
    2.4932592390594697,
    2.89986775662332,
    2.89986775662332,
    3.394786901656101,
    3.394786901656101,
    3.714502423254179,
    3.714502423254179,
    4.202030578602897,
    4.202030578602897,
    4.465975466531235,
    4.465975466531235,
    4.478595804912344,
    4.478595804912344,
    4.57492670742016,
    4.57492670742016,
    4.7519258286559465,
    4.7519258286559465,
    4.825815859718786,
    4.825815859718786,
    4.836930601814933,
    4.836930601814933,
    4.987579957001524,
    4.987579957001524,
    5.112783053494933,
    5.112783053494933,
    5.259430319877894,
    5.259430319877894,
    5.571682024455109,
    5.571682024455109,
    5.57476763504459,
    5.57476763504459,
    5.713296657808367,
    5.713296657808367,
    6.024628307252999,
    6.024628307252999,
    6.802260033253436,
    6.802260033253436,
    6.879083724909625,
    6.879083724909625,
    7.690990136443927,
    7.690990136443927
  ],
  "fit_metrics": {
    "mae": 2.3599067696504834,
    "spearman": 0.33478287478125157
  },
  "domain": [
    0.012903213500976562,
    4.995062766829506
  ],
  "fit_params": {
    "scale_factor": 5.0,
    "time_penalty": 0.1,
    "scenario": "i",
    "num_pairs": 36287,
    "num_fit_pairs": 5587,
    "calibration_target_max": 10.0
  },
  "distribution_overlap": {
    "raw_vs_bhat_mae_total": 2.4570345060099736,
    "calibrated_vs_bhat_mae_total": 2.3599067696504834
  }
}