{
  "mode": "isotonic",
  "x_knots": [
    0.05129176378250122,
    0.09610967636108399,
    0.09676737785339355,
    0.10133767127990723,
    0.10320039987564086,
    0.1506902575492859,
    0.15070434808731079,
    0.1689250707626343,
    0.1694932460784912,
    0.19450212717056276,
    0.19487671852111815,
    0.2745990633964539,
    0.27461167573928835,
    0.3782707333564759,
    0.3802047610282898,
    0.44295400381088257,
    0.4450691223144531,
    0.5348455071449281,
    0.5354259371757507,
    0.5497637391090393,
    0.5507074594497681,
    0.6348334908485413,
    0.6349823355674744,
    0.6801538348197937,
    0.6820555806159974,
    0.9032078504562377,
    0.9091537237167359,
    1.1087200045585632,
    1.108933413028717,
    1.839858889579773,
    1.8437069654464722,
    2.352412962913513,
    2.3525097250938414,
    2.699629068374634,
    2.700425511598587,
    2.8114531993865968,
    2.811473768949509,
    2.889403831958771,
    2.8990276575088503,
    3.178781569004059,
    3.1888905823230744,
    3.974755084514618,
    3.9790869474411013,
    4.6242665797472,
    4.628049522638321,
    6.227474006451667,
    6.227484698221088,
    6.386535190511495,
    6.38667829381302,
    6.394675766676665,
    6.3982761925086375,
    6.408394605666399,
    6.408410008624196,
    6.4115399438887835,
    6.411745311319828,
    6.471747959312052
  ],
  "y_knots": [
    0.2821876695813919,
    0.2821876695813919,
    0.29251975790320844,
    0.29251975790320844,
    0.31168798605407444,
    0.31168798605407444,
    0.32777767167608907,
    0.32777767167608907,
    0.6692111969047472,
    0.6692111969047472,
    0.7077115780032662,
    0.7077115780032662,
    1.3772964999357613,
    1.3772964999357613,
    1.8705546421037427,
    1.8705546421037427,
    2.0287209255064407,
    2.0287209255064407,
    2.0886617041365456,
    2.0886617041365456,
    2.37981129428474,
    2.37981129428474,
    3.1338868352022367,
    3.1338868352022367,
    3.156740780950272,
    3.156740780950272,
    3.491750633772632,
    3.491750633772632,
    3.802458295546723,
    3.802458295546723,
    3.810335009307938,
    3.810335009307938,
    3.8807657785156753,
    3.8807657785156753,
    4.2049322925723915,
    4.2049322925723915,
    4.337669457067402,
    4.337669457067402,
    4.527200361383709,
    4.527200361383709,
    5.059428275465076,
    5.059428275465076,
    5.285056137496223,
    5.285056137496223,
    5.4757508575985145,
    5.4757508575985145,
    5.555667017774182,
    5.555667017774182,
    5.606271428351211,
    5.606271428351211,
    6.478325174116547,
    6.478325174116547,
    6.669313155310988,
    6.669313155310988,
    6.676851393646337,
    6.676851393646337
  ],
  "fit_metrics": {
    "mae": 2.152572726619081,
    "spearman": 0.345079607432881
  },
  "domain": [
    0.05129176378250122,
    6.482258473755792
  ],
  "fit_params": {
    "scale_factor": 5.0,
    "time_penalty": 0.1,
    "scenario": "i",
    "num_pairs": 36287,
    "num_fit_pairs": 5240,
    "calibration_target_max": 10.0,
    "target_mapping": "raw_total_to_bhat_total"
  },
  "distribution_overlap": {
    "raw_vs_bhat_mae_total": 2.207088679344178,
    "calibrated_vs_bhat_mae_total": 2.152572726619081
  }
}