{
  "mode": "quantile_match",
  "x_knots": [
    0.06901330947875976,
    0.11485629725456238,
    0.1261725344657898,
    0.1389595361948013,
    0.15219386529922485,
    0.1706470161676407,
    0.1927749178409576,
    0.2309309037923813,
    0.28456361913681033,
    0.35624473631381987,
    0.474596391916275,
    0.6459356452226637,
    0.8682097344398497,
    1.2484146379232413,
    1.5960507335662844,
    1.98525369822979,
    2.4031252655982973,
    2.760192139565945,
    3.1960995116233826,
    3.472141542553901,
    3.71717570900917,
    3.9426948926448824,
    4.121567510306835,
    4.248492404431104,
    4.356597086548805,
    4.424233251065016,
    4.485292206287384,
    4.545609246566892,
    4.600634880304337,
    4.630628312662243,
    4.681919810920953,
    4.720222736731171,
    4.750363693237304,
    4.781648280471563,
    4.8108781353533265,
    4.8389833044260735,
    4.865532683730125,
    4.886171371594071,
    4.9077359138950705,
    4.9322112454772,
    4.954401575624943,
    4.978043946541846,
    5.002389068439602,
    5.022586058095097,
    5.04813597869873,
    5.068687111511827,
    5.087440293103456,
    5.104925876379013,
    5.125817134439945,
    5.143847786016762,
    5.165866183117032,
    5.183208959363402,
    5.202498460769654,
    5.220842975147068,
    5.239041532322765,
    5.266377550326288,
    5.287374696850776,
    5.302704270988703,
    5.316120004236699,
    5.3403234459459785,
    5.355417177677155,
    5.375465739771724,
    5.390944044619799,
    5.408097895607352,
    5.430363023757935,
    5.45356463752687,
    5.471323588967324,
    5.491444260217249,
    5.5098138717412946,
    5.528466783076525,
    5.548119102008641,
    5.568002277031541,
    5.588847203403712,
    5.605010957233608,
    5.624587566882371,
    5.6448801007121805,
    5.661736351072788,
    5.677925302267075,
    5.696005080252886,
    5.710102395430208,
    5.728966169208288,
    5.750237034328282,
    5.767810101151467,
    5.789366267938167,
    5.808993244469166,
    5.826631109043955,
    5.8471536958441135,
    5.866705302797258,
    5.895339450716972,
    5.921169521745294,
    5.948749804086983,
    5.972335647501051,
    6.0034133456796415,
    6.033869527598843,
    6.067450315803289,
    6.108733909241855,
    6.147531667217613,
    6.183192746099085,
    6.233147645160557,
    6.287706841491162,
    6.411621727980673
  ],
  "y_knots": [
    0.08693333992945104,
    0.1540700475008245,
    0.1720261506661129,
    0.1936400423255828,
    0.21769489940807538,
    0.2381319716820274,
    0.26349932633025813,
    0.30970453605097037,
    0.3703994546826667,
    0.4378876705226917,
    0.5611503132695598,
    0.6807005895214125,
    0.7838393914897992,
    0.8800878766519349,
    0.9715266144120012,
    1.0551949056381797,
    1.1341205648619257,
    1.228833233794362,
    1.344275189124654,
    1.445579342992329,
    1.5064296091728937,
    1.5851913080395472,
    1.6688922854504553,
    1.7692712472695076,
    1.880564532783666,
    2.0220200201253826,
    2.1486594211834538,
    2.259273605244627,
    2.3627290599059885,
    2.4507346749900387,
    2.576260474033401,
    2.713766585170906,
    2.8290138097400788,
    2.9451744742195483,
    3.0733653530297587,
    3.1950836134033236,
    3.3292366228421515,
    3.4577636095495112,
    3.5791600165641695,
    3.688159300894657,
    3.8068188947669737,
    3.9493543667530484,
    4.047599274545109,
    4.150368490234661,
    4.270895741106261,
    4.370763616892656,
    4.4745733396851,
    4.5858168804316595,
    4.702821437469162,
    4.810285779130415,
    4.933280020938886,
    5.022159712112846,
    5.113065153712404,
    5.200524054401363,
    5.300945502887689,
    5.387168255638959,
    5.492993603543707,
    5.583119620614983,
    5.663478336840287,
    5.7658410302814875,
    5.859428769930807,
    5.9388800020696655,
    6.069329621232068,
    6.151130177742037,
    6.262219408355539,
    6.359029765299547,
    6.437383688757318,
    6.535751629223927,
    6.64821984471679,
    6.754717895752812,
    6.843184024986068,
    6.935285453340913,
    7.03782804877404,
    7.129674286865109,
    7.23221458008634,
    7.341086240802134,
    7.451142165385824,
    7.5559796712688,
    7.642016408960067,
    7.7575395759680035,
    7.852186467971158,
    7.962424372955566,
    8.061224636800343,
    8.147172695169147,
    8.269650371775416,
    8.370980103834798,
    8.481914568116025,
    8.594667484542441,
    8.70934216883692,
    8.80816177463737,
    8.92149515227809,
    9.043390583181145,
    9.133464856039089,
    9.23493946515869,
    9.333890140235113,
    9.452512889779262,
    9.572305694751298,
    9.67985965504079,
    9.787110017483041,
    9.913960919848472,
    9.997655395460818
  ],
  "fit_metrics": {
    "mae": 2.723853968271504,
    "spearman": 0.33897220333422856
  },
  "domain": [
    0.03622233867645264,
    6.486259103147313
  ],
  "fit_params": {
    "scale_factor": 5.0,
    "time_penalty": 0.1,
    "scenario": "i",
    "num_pairs": 36287,
    "num_fit_pairs": 5240,
    "calibration_target_max": 10.0,
    "target_mapping": "raw_total_to_bhat_total"
  },
  "distribution_overlap": {
    "raw_vs_bhat_mae_total": 2.258688081506275,
    "calibrated_vs_bhat_mae_total": 2.723853968271504
  }
}