{
  "train_loss": [
    0.3482312649600699,
    0.10408281640495172,
    0.05590437695545385,
    0.052251320333330124,
    0.04198846378887209,
    0.01982307816301376,
    0.030622035952060433,
    0.020920043273630732,
    0.019818779774500837,
    0.019962844462638192,
    0.0127482496860199,
    0.005376956701244047,
    0.009489525194045704,
    0.009150395651793866,
    0.0028664985717240924,
    0.0015199442322880272,
    0.008831946583175458,
    0.006904732002179522,
    0.002967883055389941,
    0.0030825088647729805,
    0.0026887050035528893,
    0.006327490258904695,
    0.0020131785219220408,
    0.004453261606986913,
    0.0014002338307783607,
    0.0028597225560646647,
    0.0017323647162878339,
    0.0016775924115736175,
    0.0009194697600788492,
    0.002241946722008332,
    0.0013689229494041198,
    0.0005789767089538279,
    0.0003791176569717147,
    0.001322191075598959,
    0.0011014487583020512,
    0.0004884515216860397,
    0.00042154866153236854,
    0.001461547363522395,
    0.0018035642317555543,
    0.0012416516333608406,
    0.002173302304836329,
    0.0004404218070464,
    0.0003454540696207424,
    0.0005265071153576729,
    0.0010130910140330074,
    0.0006521285191931843,
    0.00036228091871780705,
    0.0008666970636127249,
    0.0030745216359126426,
    0.00027263001182551534
  ],
  "train_bce": [
    0.12210446824065345,
    0.0319618906735633,
    0.02458589780082048,
    0.02328406668912135,
    0.027158569307588424,
    0.01638020464786835,
    0.021292851620340524,
    0.008341689908707067,
    0.010148618885411988,
    0.010578677494807554,
    0.013845784475478186,
    0.002478008153828762,
    0.008928872053870596,
    0.0040246145470554774,
    0.0009333469487718284,
    0.00022636887281181532,
    0.001480813820503164,
    0.003263795030374867,
    0.0013668975182976133,
    0.0003434852778651302,
    0.001245929055367329,
    0.0016249089044446034,
    0.0003114090443706266,
    0.0014384732479990547,
    0.0010235747759985965,
    0.001144783890583798,
    0.0009937104434980283,
    5.520950928252898e-05,
    1.3394068627549733e-05,
    0.0013530472184538624,
    0.0006437851937116659,
    8.341810764073876e-05,
    4.56339449716905e-05,
    0.00021414091833239248,
    0.0005410303141390819,
    0.00012698112148974792,
    7.456930460608035e-06,
    1.5850762363814397e-05,
    0.0009967500909951938,
    0.0006605037080547241,
    0.0002886509018297579,
    4.7964769278488835e-05,
    2.2790816274215362e-05,
    7.575096132874247e-06,
    0.0005185537310256849,
    0.0003366341972340553,
    9.073479527041316e-05,
    0.0006851073019710121,
    0.00028235884288492204,
    4.242371679140406e-05
  ],
  "train_contrastive": [
    0.574358059240684,
    0.17620374176391662,
    0.08722285596783608,
    0.08121857512479196,
    0.05681835869463115,
    0.023265951696744717,
    0.039951220274027685,
    0.03349839701784666,
    0.029488940525487794,
    0.02934701150695823,
    0.011650715005520921,
    0.008275905152889786,
    0.010050178197834714,
    0.014276176644576864,
    0.004799650177528833,
    0.002813519569857725,
    0.016183079416654686,
    0.010545668873379951,
    0.004568868605994396,
    0.005821532476786568,
    0.004131480887126206,
    0.011030071347262605,
    0.0037149479982123944,
    0.00746804992184089,
    0.001776892900619947,
    0.004574661269788797,
    0.002471018998915235,
    0.003299975283983253,
    0.001825545450700789,
    0.0031308462153686115,
    0.0020940606624009475,
    0.0010745353139972001,
    0.0007126013719819429,
    0.0024302411987413364,
    0.0016618671891912677,
    0.0008499219229651165,
    0.0008356403954348591,
    0.002907243911768314,
    0.002610378412725715,
    0.0018227995864840017,
    0.0040579537370833245,
    0.0008328788448700624,
    0.0006681173251159778,
    0.001045439137450508,
    0.001507628283297291,
    0.0009676228361682205,
    0.0006338270409621356,
    0.0010482868485899445,
    0.005866684450642092,
    0.0005028363063250403
  ],
  "train_accuracy": [
    95.85027998821103,
    99.08635425876805,
    99.32802829354553,
    99.34571175950487,
    99.44002357795462,
    99.61096374889479,
    99.5579133510168,
    99.75832596522251,
    99.7465369879163,
    99.88800471559092,
    99.77011494252874,
    99.92337164750958,
    99.88800471559092,
    99.88800471559092,
    99.98231653404068,
    99.99410551134689,
    99.97052755673445,
    99.9410551134689,
    99.95873857942823,
    99.99410551134689,
    99.9410551134689,
    99.95873857942823,
    99.99410551134689,
    99.94694960212202,
    99.97642204538757,
    99.95873857942823,
    99.96463306808134,
    100.0,
    100.0,
    99.96463306808134,
    99.98821102269378,
    100.0,
    100.0,
    99.98821102269378,
    99.98821102269378,
    99.99410551134689,
    100.0,
    100.0,
    99.97052755673445,
    99.99410551134689,
    99.98821102269378,
    100.0,
    100.0,
    100.0,
    99.98231653404068,
    99.99410551134689,
    99.99410551134689,
    99.99410551134689,
    99.98821102269378,
    100.0
  ],
  "val_loss": [
    0.08852905560901067,
    0.06301016944173471,
    0.03319311322980469,
    0.024505205950489675,
    0.02082607598933286,
    0.011134936321632677,
    0.010153063120630296,
    0.010162110402357337,
    0.017635776444261234,
    0.011650141195636558,
    0.003586187029747149,
    0.0031227074102382615,
    0.0034221767679461245,
    0.006184578142557784,
    0.0012459195646182966,
    0.002385169210198972,
    0.004066622785062361,
    0.0023180449752681284,
    0.0009974566659968016,
    0.0013066924843325321,
    0.0009006733496352169,
    0.07899670531032073,
    0.0011515217585728987,
    0.0010518224865753516,
    0.0017188178475804389,
    0.0014221822286098653,
    0.0009942796004223165,
    0.0014269436370047235,
    0.0011283320989988216,
    0.0022223038893817537,
    0.0006742054142944797,
    0.0006912910441752686,
    0.0006690450234231307,
    0.0015628914661784052,
    0.0006463263815609586,
    0.0006724439921581643,
    0.0004129792174709089,
    0.0008338135609635099,
    0.0005851587411735068,
    0.0006820843858243696,
    0.0004889100749923978,
    0.000488302177992799,
    0.0004066656664095594,
    0.0006047616221156861,
    0.0008177774624548471,
    0.0004830770043130392,
    0.0004168590360616082,
    0.0004257392699120582,
    0.0005706841603616914,
    0.0003272183270437518
  ],
  "val_bce": [
    0.04415731071284447,
    0.01397567064128466,
    0.014431717488267003,
    0.02482982464431202,
    0.020907218335196376,
    0.011311078366576877,
    0.011918949905018388,
    0.009199601882060017,
    0.0029272202735406145,
    0.0053413415664208585,
    0.0020625209403680542,
    0.0026415608006186268,
    0.002723427653600246,
    0.0005972727924938425,
    4.941698490236405e-05,
    0.0009046971796076899,
    0.0025452304380973317,
    0.0007704857396531107,
    0.00028948429954147025,
    3.319919265154553e-06,
    3.933252858518075e-05,
    0.0023421869055610125,
    0.0007540781341855058,
    7.411476402435059e-06,
    1.1552485208214345e-05,
    3.596901661870927e-05,
    1.7009734060848608e-05,
    0.00011754670918447674,
    9.756481387808888e-05,
    0.0020446853664356124,
    0.00020289599751137377,
    5.382565795637214e-06,
    0.0001480698130431195,
    0.0011264759506564772,
    2.84446455245975e-06,
    5.883408879601959e-05,
    6.278957634820824e-07,
    0.0003794020740816938,
    7.092631528891625e-05,
    2.7300100366473297e-05,
    1.3904532729940571e-05,
    1.4235367057918477e-05,
    9.15113612718309e-06,
    1.5399522868248921e-06,
    0.00016186719423342017,
    4.9521282237477175e-06,
    9.413657634868504e-06,
    1.8153795408720795e-05,
    0.00019016837023000472,
    3.648995195765261e-06
  ],