{
  "Bhat_i": {
    "HOTA": 0.4162870055753163,
    "DetA": 0.3808289069552155,
    "AssA": 0.4882436016894497,
    "LocA": 0.6767144760231539,
    "MOTA": 0.6875206584253322,
    "MOTP": 0.5397441283646982,
    "IDF1": 0.42496302346630166,
    "IDR": 0.3976829510147418,
    "IDP": 0.4562614359256345,
    "Precision": 0.8951165634865708,
    "Recall": 0.7801943544655252,
    "IDsw": 152.0,
    "FP": 11063.0,
    "FN": 26600.0,
    "Frag": 262.0,
    "No. trajs": 457.0,
    "Fgmt/GT": 1.4600638977635783,
    "Sw/GT": 0.48562300319488816
  },
  "LRBASE_i": {
    "HOTA": 0.390066293507583,
    "DetA": 0.3609008414308323,
    "AssA": 0.44850489607632243,
    "LocA": 0.6770963982455053,
    "MOTA": 0.6319081774310835,
    "MOTP": 0.5393857897778086,
    "IDF1": 0.3958007364572036,
    "IDR": 0.3814867455543069,
    "IDP": 0.4112307706011776,
    "Precision": 0.841479383234013,
    "Recall": 0.7806157863423019,
    "IDsw": 200.0,
    "FP": 17796.0,
    "FN": 26549.0,
    "Frag": 274.0,
    "No. trajs": 512.0,
    "Fgmt/GT": 1.6357827476038338,
    "Sw/GT": 0.6389776357827476
  },
  "LRV5_i": {
    "HOTA": 0.36709870519790305,
    "DetA": 0.35950958790440135,
    "AssA": 0.3900389463651395,
    "LocA": 0.6712506090282847,
    "MOTA": 0.6639948436570371,
    "MOTP": 0.5303077415066616,
    "IDF1": 0.3690348230066606,
    "IDR": 0.33902954981159517,
    "IDP": 0.40486692915716865,
    "Precision": 0.8976780445444408,
    "Recall": 0.7517022542473722,
    "IDsw": 245.0,
    "FP": 10369.0,
    "FN": 30048.0,
    "Frag": 340.0,
    "No. trajs": 567.0,
    "Fgmt/GT": 1.8115015974440896,
    "Sw/GT": 0.7827476038338658
  },
  "delta_lrbase_minus_bhat": {
    "HOTA": -0.0262207120677333,
    "DetA": -0.0199280655243832,
    "AssA": -0.039738705613127256,
    "LocA": 0.00038192222235133855,
    "MOTA": -0.05561248099424865,
    "MOTP": -0.00035833858688960607,
    "IDF1": -0.029162287009098065,
    "Precision": -0.053637180252557815,
    "Recall": 0.0004214318767766789,
    "IDsw": 48.0,
    "FP": 6733.0,
    "FN": -51.0,
    "Fgmt/GT": 0.17571884984025554,
    "Sw/GT": 0.15335463258785942
  },
  "delta_lrv5_minus_bhat": {
    "HOTA": -0.04918830037741323,
    "DetA": -0.021319319050814134,
    "AssA": -0.09820465532431016,
    "LocA": -0.0054638669948692264,
    "MOTA": -0.023525814768295072,
    "MOTP": -0.009436386858036605,
    "IDF1": -0.055928200459641086,
    "Precision": 0.0025614810578700187,
    "Recall": -0.02849210021815296,
    "IDsw": 93.0,
    "FP": -694.0,
    "FN": 3448.0,
    "Fgmt/GT": 0.3514376996805113,
    "Sw/GT": 0.2971246006389776
  }
}