{
  "LRBASE_i": {
    "HOTA": 0.4617934688513326,
    "DetA": 0.36263411769512044,
    "AssA": 0.8370293776527735,
    "LocA": 0.6776915636461722,
    "MOTA": 0.6319081774310835,
    "MOTP": 0.5393857897778092,
    "IDsw": 200.0,
    "FP": 17796.0,
    "FN": 26549.0,
    "Sw_per_GT": 0.6389776357827476,
    "Fgmt_per_GT": 1.6357827476038338
  },
  "LRV5_i": {
    "HOTA": 0.44594593128019094,
    "DetA": 0.3598870151722268,
    "AssA": 0.8000016368414686,
    "LocA": 0.6714637282345284,
    "MOTA": 0.6639948436570371,
    "MOTP": 0.5303077415066608,
    "IDsw": 245.0,
    "FP": 10369.0,
    "FN": 30048.0,
    "Sw_per_GT": 0.7827476038338658,
    "Fgmt_per_GT": 1.8115015974440896
  },
  "delta_lrv5_minus_base": {
    "HOTA": -0.015847537571141657,
    "DetA": -0.0027471025228936186,
    "AssA": -0.03702774081130489,
    "LocA": -0.006227835411643845,
    "MOTA": 0.032086666225953575,
    "MOTP": -0.009078048271148331,
    "IDsw": 45.0,
    "FP": -7427.0,
    "FN": 3499.0,
    "Sw_per_GT": 0.1437699680511182,
    "Fgmt_per_GT": 0.17571884984025576
  }
}