{
  "source_csv": "Logistic Regression/reports/retune_lrbase_lrv5_i.csv",
  "best_by_model": {
    "LRBASE": {
      "combo": "lo_low",
      "HOTA": 0.3956357048385357,
      "MOTA": 0.6473937330600912,
      "IDF1": 0.39811568420870824,
      "Precision": 0.8551184662687646,
      "Recall": 0.7813760163945264,
      "Sw/GT": 0.6166134185303515,
      "Fgmt/GT": 1.5782747603833867,
      "logit_offset": 5.0,
      "time_penalty": 0.194,
      "stitch_thresh": 3.928,
      "master_stitch_thresh": 4.866
    },
    "LRV5": {
      "combo": "lo_low",
      "HOTA": 0.39326980963988195,
      "MOTA": 0.6695065115356647,
      "IDF1": 0.39788971481666785,
      "Precision": 0.894856087125632,
      "Recall": 0.7604531632180869,
      "Sw/GT": 0.6166134185303515,
      "Fgmt/GT": 1.610223642172524,
      "logit_offset": 5.0,
      "time_penalty": 0.194,
      "stitch_thresh": 3.928,
      "master_stitch_thresh": 4.866
    }
  },
  "all_ranked": {
    "LRBASE": [
      {
        "combo": "lo_low",
        "HOTA": 0.3956357048385357,
        "MOTA": 0.6473937330600912,
        "IDF1": 0.39811568420870824,
        "Precision": 0.8551184662687646,
        "Recall": 0.7813760163945264,
        "Sw/GT": 0.6166134185303515,
        "Fgmt/GT": 1.5782747603833867,
        "logit_offset": 5.0,
        "time_penalty": 0.194,
        "stitch_thresh": 3.928,
        "master_stitch_thresh": 4.866
      },
      {
        "combo": "th_high",
        "HOTA": 0.39402836177768263,
        "MOTA": 0.644765981357837,
        "IDF1": 0.3975344827586207,
        "Precision": 0.8524021480573777,
        "Recall": 0.7817396046803728,
        "Sw/GT": 0.6230031948881789,
        "Fgmt/GT": 1.5910543130990416,
        "logit_offset": 5.754,
        "time_penalty": 0.194,
        "stitch_thresh": 4.5,
        "master_stitch_thresh": 5.5
      },
      {
        "combo": "tp_high",
        "HOTA": 0.39037811202897943,
        "MOTA": 0.6438735373834865,
        "IDF1": 0.3902256847188386,
        "Precision": 0.8574880332415042,
        "Recall": 0.774195147749058,
        "Sw/GT": 0.6389776357827476,
        "Fgmt/GT": 1.6166134185303513,
        "logit_offset": 5.754,
        "time_penalty": 0.3,
        "stitch_thresh": 3.928,
        "master_stitch_thresh": 4.866
      },
      {
        "combo": "baseline",
        "HOTA": 0.39006629350758293,
        "MOTA": 0.6319081774310835,
        "IDF1": 0.3958007364572036,
        "Precision": 0.841479383234013,
        "Recall": 0.7806157863423019,
        "Sw/GT": 0.6389776357827476,
        "Fgmt/GT": 1.6357827476038338,
        "logit_offset": 5.754,
        "time_penalty": 0.194,
        "stitch_thresh": 3.928,
        "master_stitch_thresh": 4.866
      },
      {
        "combo": "tp_low",
        "HOTA": 0.3861512937957546,
        "MOTA": 0.6195296489720368,
        "IDF1": 0.39502191209632814,
        "Precision": 0.8297051239321487,
        "Recall": 0.7816982878297085,
        "Sw/GT": 0.6677316293929713,
        "Fgmt/GT": 1.6549520766773163,
        "logit_offset": 5.754,
        "time_penalty": 0.12,
        "stitch_thresh": 3.928,
        "master_stitch_thresh": 4.866
      },
      {
        "combo": "lo_high",
        "HOTA": 0.3847855209249411,
        "MOTA": 0.6242976135387056,
        "IDF1": 0.39342032085561496,
        "Precision": 0.8360476874767151,
        "Recall": 0.7788308983936009,
        "Sw/GT": 0.6964856230031949,
        "Fgmt/GT": 1.6996805111821087,
        "logit_offset": 6.2,
        "time_penalty": 0.194,
        "stitch_thresh": 3.928,
        "master_stitch_thresh": 4.866
      },
      {
        "combo": "th_low",
        "HOTA": 0.3840878176758043,
        "MOTA": 0.6239174985125934,
        "IDF1": 0.3932258547969255,
        "Precision": 0.8364987246598352,
        "Recall": 0.77776492364646,
        "Sw/GT": 0.7060702875399361,
        "Fgmt/GT": 1.706070287539936,
        "logit_offset": 5.754,
        "time_penalty": 0.194,
        "stitch_thresh": 3.4,
        "master_stitch_thresh": 4.2
      }
    ],
    "LRV5": [
      {
        "combo": "lo_low",
        "HOTA": 0.39326980963988195,
        "MOTA": 0.6695065115356647,
        "IDF1": 0.39788971481666785,
        "Precision": 0.894856087125632,
        "Recall": 0.7604531632180869,
        "Sw/GT": 0.6166134185303515,
        "Fgmt/GT": 1.610223642172524,
        "logit_offset": 5.0,
        "time_penalty": 0.194,
        "stitch_thresh": 3.928,
        "master_stitch_thresh": 4.866
      },
      {
        "combo": "th_high",
        "HOTA": 0.3864772432349863,
        "MOTA": 0.6643832220532823,
        "IDF1": 0.3916313573541058,
        "Precision": 0.8932429135971117,
        "Recall": 0.7564619554439083,
        "Sw/GT": 0.645367412140575,
        "Fgmt/GT": 1.6389776357827477,
        "logit_offset": 5.754,
        "time_penalty": 0.194,
        "stitch_thresh": 4.5,
        "master_stitch_thresh": 5.5
      },
      {
        "combo": "tp_low",
        "HOTA": 0.3719776457379653,
        "MOTA": 0.6545415482250281,
        "IDF1": 0.37364656356468845,
        "Precision": 0.8847890107335219,
        "Recall": 0.7547349110861373,
        "Sw/GT": 0.7412140575079872,
        "Fgmt/GT": 1.7412140575079873,
        "logit_offset": 5.754,
        "time_penalty": 0.12,
        "stitch_thresh": 3.928,
        "master_stitch_thresh": 4.866
      },
      {
        "combo": "baseline",
        "HOTA": 0.370447984739243,
        "MOTA": 0.6614579890262444,
        "IDF1": 0.37417609819876085,
        "Precision": 0.8952665110828828,
        "Recall": 0.7512808223705956,
        "Sw/GT": 0.7476038338658147,
        "Fgmt/GT": 1.7539936102236422,
        "logit_offset": 5.754,
        "time_penalty": 0.194,
        "stitch_thresh": 3.928,
        "master_stitch_thresh": 4.866
      },
      {
        "combo": "tp_high",
        "HOTA": 0.3685565124658095,
        "MOTA": 0.6680604217624115,
        "IDF1": 0.37266973897454936,
        "Precision": 0.9059490198434152,
        "Recall": 0.7477358365835922,
        "Sw/GT": 0.792332268370607,
        "Fgmt/GT": 1.8019169329073483,
        "logit_offset": 5.754,
        "time_penalty": 0.3,
        "stitch_thresh": 3.928,
        "master_stitch_thresh": 4.866
      },
      {
        "combo": "lo_high",
        "HOTA": 0.35397082841962785,
        "MOTA": 0.6582683281549547,
        "IDF1": 0.3560974287624451,
        "Precision": 0.8982821156682211,
        "Recall": 0.7449262907384148,
        "Sw/GT": 0.8913738019169329,
        "Fgmt/GT": 1.904153354632588,
        "logit_offset": 6.2,
        "time_penalty": 0.194,
        "stitch_thresh": 3.928,
        "master_stitch_thresh": 4.866
      },
      {
        "combo": "th_low",
        "HOTA": 0.35108791342020534,
        "MOTA": 0.6581526409730944,
        "IDF1": 0.35300563273142194,
        "Precision": 0.9003265355182499,
        "Recall": 0.7427530243934687,
        "Sw/GT": 0.9169329073482428,
        "Fgmt/GT": 1.9329073482428114,
        "logit_offset": 5.754,
        "time_penalty": 0.194,
        "stitch_thresh": 3.4,
        "master_stitch_thresh": 4.2
      }
    ]
  }
}